{
  "IcoMoonType": "selection",
  "icons": [
    {
      "icon": {
        "paths": [
          "M640.245 256.098h-512.196c-35.213 0-63.683 28.811-63.683 64.024l-0.341 384.147c0 35.213 28.811 64.024 64.024 64.024h512.196c35.213 0 64.024-28.811 64.024-64.024v-384.147c0-35.213-28.811-64.024-64.024-64.024zM627.44 392.171l-226.305 141.451c-4.832 3.020-10.701 4.811-16.988 4.811s-12.156-1.791-17.125-4.891l0.137 0.079-226.305-141.451c-8.058-4.817-13.37-13.496-13.37-23.416 0-15.016 12.173-27.189 27.189-27.189 5.583 0 10.773 1.683 15.091 4.569l-0.099-0.062 214.482 134.11 214.482-134.153c4.219-2.824 9.409-4.507 14.992-4.507 15.016 0 27.189 12.173 27.189 27.189 0 9.919-5.312 18.598-13.246 23.347l-0.124 0.069z"
        ],
        "attrs": [
          {}
        ],
        "width": 768,
        "isMulticolor": false,
        "isMulticolor2": false,
        "grid": 0,
        "tags": [
          "email-black"
        ],
        "colorPermutations": {
          "123123325214647661": [
            {}
          ],
          "255255255177902291": [
            {}
          ]
        }
      },
      "attrs": [
        {}
      ],
      "properties": {
        "order": 14,
        "id": 3,
        "name": "email-black",
        "prevSize": 32
      },
      "setIdx": 3,
      "setId": 7,
      "iconIdx": 0
    },
    {
      "icon": {
        "paths": [
          "M1229.27-0.196l-1229.27 576.22 392.854 121.237 605.928-473.371-460.874 518.137 0.359 0.154-0.461-0.154v282.169l220.295-214.2 279.147 86.151 192.022-896.343z"
        ],
        "attrs": [
          {
            "fill": "rgb(255, 255, 255)"
          }
        ],
        "width": 1229,
        "isMulticolor": false,
        "isMulticolor2": false,
        "grid": 0,
        "tags": [
          "icon send"
        ],
        "colorPermutations": {
          "123123325214647661": [
            {
              "f": 0
            }
          ],
          "255255255177902291": [
            {
              "f": 1
            }
          ]
        }
      },
      "attrs": [
        {
          "fill": "rgb(255, 255, 255)"
        }
      ],
      "properties": {
        "order": 15,
        "id": 2,
        "name": "icon-send",
        "prevSize": 32
      },
      "setIdx": 3,
      "setId": 7,
      "iconIdx": 1
    },
    {
      "icon": {
        "paths": [
          "M512.196 512.196c94.293 0 170.732-76.439 170.732-170.732s-76.439-170.732-170.732-170.732v0c-94.293 0-170.732 76.439-170.732 170.732s76.439 170.732 170.732 170.732v0zM512.196 597.562c-113.992 0-341.464 57.195-341.464 170.732v42.683c0 23.447 19.179 42.683 42.683 42.683h597.562c23.447 0 42.683-19.236 42.683-42.683v-42.683c0-113.537-227.529-170.732-341.464-170.732z"
        ],
        "attrs": [
          {
            "fill": "rgb(77, 90, 229)"
          }
        ],
        "isMulticolor": false,
        "isMulticolor2": false,
        "grid": 0,
        "tags": [
          "person-black"
        ],
        "colorPermutations": {
          "123123325214647661": [
            {
              "f": 0
            }
          ],
          "255255255177902291": [
            {
              "f": 0
            }
          ]
        }
      },
      "attrs": [
        {
          "fill": "rgb(77, 90, 229)"
        }
      ],
      "properties": {
        "order": 16,
        "id": 1,
        "name": "person-black",
        "prevSize": 32
      },
      "setIdx": 3,
      "setId": 7,
      "iconIdx": 2
    },
    {
      "icon": {
        "paths": [
          "M628.55 591.8l-78.451-8.963c-2.144-0.265-4.626-0.416-7.144-0.416-16.999 0-32.388 6.896-43.52 18.044l-0.001 0.001-56.811 56.811c-88.107-45.452-158.129-115.46-202.378-200.963l-1.22-2.592 57.195-57.153c11.124-11.123 18.004-26.489 18.004-43.463 0-2.523-0.152-5.010-0.447-7.454l0.029 0.294-8.963-77.854c-3.695-30.928-29.77-54.677-61.393-54.677-0.025 0-0.050 0-0.075 0l-53.435-0c-34.915 0-63.939 29.024-61.762 63.939 16.348 263.781 227.33 474.464 490.812 490.854 34.915 2.134 63.939-26.89 63.939-61.805v-53.439c0.001-0.101 0.001-0.22 0.001-0.339 0-31.398-23.642-57.274-54.095-60.799l-0.284-0.027z"
        ],
        "attrs": [
          {}
        ],
        "width": 768,
        "isMulticolor": false,
        "isMulticolor2": false,
        "grid": 0,
        "tags": [
          "phone-black"
        ],
        "colorPermutations": {
          "123123325214647661": [
            {}
          ],
          "255255255177902291": [
            {}
          ]
        }
      },
      "attrs": [
        {}
      ],
      "properties": {
        "order": 17,
        "id": 0,
        "name": "phone-black",
        "prevSize": 32
      },
      "setIdx": 3,
      "setId": 7,
      "iconIdx": 3
    }
  ],
  "height": 1024,
  "preferences": {
    "showGlyphs": true,
    "showQuickUse": true,
    "showQuickUse2": true,
    "showSVGs": true,
    "fontPref": {
      "prefix": "icon-",
      "metadata": {
        "fontFamily": "icomoon"
      },
      "metrics": {
        "emSize": 1024,
        "baseline": 6.25,
        "whitespace": 50
      },
      "embed": false
    },
    "imagePref": {
      "prefix": "icon-",
      "png": true,
      "useClassSelector": true,
      "color": 0,
      "bgColor": 16777215,
      "classSelector": ".icon",
      "name": "icomoon"
    },
    "historySize": 50,
    "showCodes": true,
    "gridSize": 16
  }
}