{
  "IcoMoonType": "selection",
  "icons": [
    {
      "icon": {
        "paths": [
          "M640.245 256.098h-512.196c-35.213 0-63.683 28.811-63.683 64.024l-0.341 384.147c0 35.213 28.811 64.024 64.024 64.024h512.196c35.213 0 64.024-28.811 64.024-64.024v-384.147c0-35.213-28.811-64.024-64.024-64.024zM627.44 392.171l-226.305 141.451c-4.832 3.020-10.701 4.811-16.988 4.811s-12.156-1.791-17.125-4.891l0.137 0.079-226.305-141.451c-8.058-4.817-13.37-13.496-13.37-23.416 0-15.016 12.173-27.189 27.189-27.189 5.583 0 10.773 1.683 15.091 4.569l-0.099-0.062 214.482 134.11 214.482-134.153c4.219-2.824 9.409-4.507 14.992-4.507 15.016 0 27.189 12.173 27.189 27.189 0 9.919-5.312 18.598-13.246 23.347l-0.124 0.069z"
        ],
        "attrs": [
          {}
        ],
        "width": 768,
        "isMulticolor": false,
        "isMulticolor2": false,
        "grid": 0,
        "tags": [
          "email-black"
        ],
        "colorPermutations": {
          "255255255177902291": [
            {}
          ]
        }
      },
      "attrs": [
        {}
      ],
      "properties": {
        "order": 19,
        "id": 3,
        "name": "email-black",
        "prevSize": 32
      },
      "setIdx": 3,
      "setId": 7,
      "iconIdx": 0
    },
    {
      "icon": {
        "paths": [
          "M512.196 512.196c94.293 0 170.732-76.439 170.732-170.732s-76.439-170.732-170.732-170.732v0c-94.293 0-170.732 76.439-170.732 170.732s76.439 170.732 170.732 170.732v0zM512.196 597.562c-113.992 0-341.464 57.195-341.464 170.732v42.683c0 23.447 19.179 42.683 42.683 42.683h597.562c23.447 0 42.683-19.236 42.683-42.683v-42.683c0-113.537-227.529-170.732-341.464-170.732z"
        ],
        "attrs": [
          {
            "fill": "rgb(77, 90, 229)"
          }
        ],
        "isMulticolor": false,
        "isMulticolor2": false,
        "grid": 0,
        "tags": [
          "person-black"
        ],
        "colorPermutations": {
          "255255255177902291": [
            {
              "f": 0
            }
          ]
        }
      },
      "attrs": [
        {
          "fill": "rgb(77, 90, 229)"
        }
      ],
      "properties": {
        "order": 20,
        "id": 2,
        "name": "person-black",
        "prevSize": 32
      },
      "setIdx": 3,
      "setId": 7,
      "iconIdx": 1
    },
    {
      "icon": {
        "paths": [
          "M628.55 591.8l-78.451-8.963c-2.144-0.265-4.626-0.416-7.144-0.416-16.999 0-32.388 6.896-43.52 18.044l-0.001 0.001-56.811 56.811c-88.107-45.452-158.129-115.46-202.378-200.963l-1.22-2.592 57.195-57.153c11.124-11.123 18.004-26.489 18.004-43.463 0-2.523-0.152-5.010-0.447-7.454l0.029 0.294-8.963-77.854c-3.695-30.928-29.77-54.677-61.393-54.677-0.025 0-0.050 0-0.075 0l-53.435-0c-34.915 0-63.939 29.024-61.762 63.939 16.348 263.781 227.33 474.464 490.812 490.854 34.915 2.134 63.939-26.89 63.939-61.805v-53.439c0.001-0.101 0.001-0.22 0.001-0.339 0-31.398-23.642-57.274-54.095-60.799l-0.284-0.027z"
        ],
        "attrs": [
          {}
        ],
        "width": 768,
        "isMulticolor": false,
        "isMulticolor2": false,
        "grid": 0,
        "tags": [
          "phone-black"
        ],
        "colorPermutations": {
          "255255255177902291": [
            {}
          ]
        }
      },
      "attrs": [
        {}
      ],
      "properties": {
        "order": 21,
        "id": 1,
        "name": "phone-black",
        "prevSize": 32
      },
      "setIdx": 3,
      "setId": 7,
      "iconIdx": 2
    },
    {
      "icon": {
        "paths": [
          "M1024.392 85.366l-1024.392 480.184 327.379 101.031 504.94-394.476-384.062 431.781 0.299 0.128-0.384-0.128v235.141l183.58-178.5 232.622 71.793 160.019-746.952z"
        ],
        "attrs": [
          {
            "fill": "rgb(255, 255, 255)"
          }
        ],
        "isMulticolor": false,
        "isMulticolor2": false,
        "grid": 0,
        "tags": [
          "send"
        ],
        "colorPermutations": {
          "255255255177902291": [
            {
              "f": 1
            }
          ]
        }
      },
      "attrs": [
        {
          "fill": "rgb(255, 255, 255)"
        }
      ],
      "properties": {
        "order": 22,
        "id": 0,
        "name": "send",
        "prevSize": 32
      },
      "setIdx": 3,
      "setId": 7,
      "iconIdx": 3
    },
    {
      "icon": {
        "paths": [
          "M575.996 320l127.998 127.998-255.994 255.994-127.998-127.998zM1001.526 297.504l-73.516-73.516-32.008 32.008c-16.378 16.38-39.010 26.51-64 26.51-49.988 0-90.514-40.522-90.514-90.51 0-25.002 10.14-47.638 26.534-64.018l31.988-31.986-73.518-73.516c-29.968-29.968-79.008-29.968-108.976 0l-595.040 595.038c-29.966 29.968-29.966 79.010 0 108.976l73.52 73.518 31.962-31.964c16.382-16.406 39.030-26.552 64.044-26.552 49.988 0 90.51 40.524 90.51 90.51 0 25.006-10.14 47.64-26.534 64.022l-31.984 31.986 73.516 73.518c29.966 29.966 79.008 29.966 108.976 0l595.040-595.040c29.964-29.976 29.964-79.016 0-108.984zM448.002 831.996l-256-256 384-384 256 256-384 384z"
        ],
        "tags": [
          "ticket",
          "theater",
          "cinema"
        ],
        "defaultCode": 59705,
        "grid": 16,
        "attrs": []
      },
      "attrs": [],
      "properties": {
        "ligatures": "ticket, theater",
        "name": "ticket",
        "order": 18,
        "id": 58,
        "prevSize": 32
      },
      "setIdx": 5,
      "setId": 1,
      "iconIdx": 57
    }
  ],
  "height": 1024,
  "preferences": {
    "showGlyphs": true,
    "showQuickUse": true,
    "showQuickUse2": true,
    "showSVGs": true,
    "fontPref": {
      "prefix": "icon-",
      "metadata": {
        "fontFamily": "icomoon"
      },
      "metrics": {
        "emSize": 1024,
        "baseline": 6.25,
        "whitespace": 50
      },
      "embed": false
    },
    "imagePref": {
      "prefix": "icon-",
      "png": true,
      "useClassSelector": true,
      "color": 0,
      "bgColor": 16777215,
      "classSelector": ".icon",
      "name": "icomoon"
    },
    "historySize": 50,
    "showCodes": true,
    "gridSize": 16
  }
}