{
  "IcoMoonType": "selection",
  "icons": [
    {
      "icon": {
        "paths": [
          "M1024.392 85.366l-1024.392 480.184 327.379 101.031 504.94-394.476-384.062 431.781 0.299 0.128-0.384-0.128v235.141l183.58-178.5 232.622 71.793 160.019-746.952z"
        ],
        "attrs": [
          {
            "fill": "rgb(255, 255, 255)"
          }
        ],
        "isMulticolor": false,
        "isMulticolor2": false,
        "grid": 0,
        "tags": [
          "send"
        ],
        "colorPermutations": {
          "255255255177902291": [
            {
              "f": 1
            }
          ]
        }
      },
      "attrs": [
        {
          "fill": "rgb(255, 255, 255)"
        }
      ],
      "properties": {
        "order": 23,
        "id": 4,
        "name": "send",
        "prevSize": 32
      },
      "setIdx": 3,
      "setId": 7,
      "iconIdx": 0
    },
    {
      "icon": {
        "paths": [
          "M128.018 32.005h768.11c53.027 0 96.014 42.987 96.014 96.014v768.11c0 53.027-42.987 96.014-96.014 96.014h-768.11c-53.027 0-96.014-42.987-96.014-96.014v-768.11c0-53.027 42.987-96.014 96.014-96.014z"
        ],
        "attrs": [
          {
            "fill": "none",
            "strokeLinejoin": "miter",
            "strokeLinecap": "butt",
            "strokeMiterlimit": "4",
            "strokeWidth": 64
          }
        ],
        "isMulticolor": false,
        "isMulticolor2": false,
        "grid": 0,
        "tags": [
          "Checkbox"
        ],
        "colorPermutations": {
          "14214315312442442531": [
            {}
          ]
        }
      },
      "attrs": [
        {
          "fill": "none",
          "strokeLinejoin": "miter",
          "strokeLinecap": "butt",
          "strokeMiterlimit": "4",
          "strokeWidth": 64
        }
      ],
      "properties": {
        "order": 24,
        "id": 0,
        "name": "Checkbox",
        "prevSize": 32
      },
      "setIdx": 4,
      "setId": 5,
      "iconIdx": 0
    },
    {
      "icon": {
        "paths": [
          "M575.996 320l127.998 127.998-255.994 255.994-127.998-127.998zM1001.526 297.504l-73.516-73.516-32.008 32.008c-16.378 16.38-39.010 26.51-64 26.51-49.988 0-90.514-40.522-90.514-90.51 0-25.002 10.14-47.638 26.534-64.018l31.988-31.986-73.518-73.516c-29.968-29.968-79.008-29.968-108.976 0l-595.040 595.038c-29.966 29.968-29.966 79.010 0 108.976l73.52 73.518 31.962-31.964c16.382-16.406 39.030-26.552 64.044-26.552 49.988 0 90.51 40.524 90.51 90.51 0 25.006-10.14 47.64-26.534 64.022l-31.984 31.986 73.516 73.518c29.966 29.966 79.008 29.966 108.976 0l595.040-595.040c29.964-29.976 29.964-79.016 0-108.984zM448.002 831.996l-256-256 384-384 256 256-384 384z"
        ],
        "tags": [
          "ticket",
          "theater",
          "cinema"
        ],
        "defaultCode": 59705,
        "grid": 16,
        "attrs": []
      },
      "attrs": [],
      "properties": {
        "ligatures": "ticket, theater",
        "name": "ticket",
        "order": 18,
        "id": 58,
        "prevSize": 32
      },
      "setIdx": 5,
      "setId": 1,
      "iconIdx": 57
    }
  ],
  "height": 1024,
  "preferences": {
    "showGlyphs": true,
    "showQuickUse": true,
    "showQuickUse2": true,
    "showSVGs": true,
    "fontPref": {
      "prefix": "icon-",
      "metadata": {
        "fontFamily": "icomoon"
      },
      "metrics": {
        "emSize": 1024,
        "baseline": 6.25,
        "whitespace": 50
      },
      "embed": false
    },
    "imagePref": {
      "prefix": "icon-",
      "png": true,
      "useClassSelector": true,
      "color": 0,
      "bgColor": 16777215,
      "classSelector": ".icon",
      "name": "icomoon"
    },
    "historySize": 50,
    "showCodes": true,
    "gridSize": 16
  }
}